{
  "demand_forecasting": {
    "RandomForest": {
      "RMSE": 0.0,
      "MAE": 0.0,
      "R2": 1.0
    },
    "LinearRegression": {
      "RMSE": 2.5098657256312347,
      "MAE": 1.9411242442361636,
      "R2": 0.6692399100175719
    }
  },
  "dynamic_pricing": {
    "XGBoost": {
      "RMSE": 0.03925231600473903,
      "MAE": 0.019102415384028182,
      "R2": 0.9901420786266582
    },
    "GradientBoosting": {
      "RMSE": 0.03347837620833401,
      "MAE": 0.017036520622453814,
      "R2": 0.9928289368399579
    }
  },
  "route_recommendation": {
    "DecisionTree": {
      "Accuracy": 0.4989880818529346,
      "Classification_Report": {
        "auto": {
          "precision": 0.37375415282392027,
          "recall": 0.036384217335058214,
          "f1-score": 0.06631299734748011,
          "support": 6184.0
        },
        "bike": {
          "precision": 0.5040536599591717,
          "recall": 0.9647242688100023,
          "f1-score": 0.6621461134735471,
          "support": 8958.0
        },
        "cab": {
          "precision": 0.21951219512195122,
          "recall": 0.003401360544217687,
          "f1-score": 0.006698920729438035,
          "support": 2646.0
        },
        "accuracy": 0.4989880818529346,
        "macro avg": {
          "precision": 0.3657733359683477,
          "recall": 0.3348366155630927,
          "f1-score": 0.24505267718348842,
          "support": 17788.0
        },
        "weighted avg": {
          "precision": 0.4164289203547373,
          "recall": 0.4989880818529346,
          "f1-score": 0.357505610768099,
          "support": 17788.0
        }
      }
    },
    "RandomForest": {
      "Accuracy": 0.5010681358219025,
      "Classification_Report": {
        "auto": {
          "precision": 0.3103448275862069,
          "recall": 0.008732212160413972,
          "f1-score": 0.016986473733878578,
          "support": 6184.0
        },
        "bike": {
          "precision": 0.5030667878237165,
          "recall": 0.9888367939272159,
          "f1-score": 0.6668674245275916,
          "support": 8958.0
        },
        "cab": {
          "precision": 0.16666666666666666,
          "recall": 0.0003779289493575208,
          "f1-score": 0.0007541478129713424,
          "support": 2646.0
        },
        "accuracy": 0.5010681358219025,
        "macro avg": {
          "precision": 0.32669276069219666,
          "recall": 0.3326489783456625,
          "f1-score": 0.22820268202481386,
          "support": 17788.0
        },
        "weighted avg": {
          "precision": 0.3860267989160083,
          "recall": 0.5010681358219025,
          "f1-score": 0.3418505856533389,
          "support": 17788.0
        }
      }
    }
  },
  "weather_impact": {
    "Ridge": {
      "RMSE": 29.522350172340712,
      "MAE": 23.668803135492933,
      "R2": 0.44340459625822237
    },
    "XGBoost": {
      "RMSE": 16.09608334369154,
      "MAE": 12.549135413431673,
      "R2": 0.8345456516373899
    }
  }
}